CREATE TABLE recipes (
    recipe_id INTEGER PRIMARY KEY,
    recipe_name TEXT NOT NULL,
    cuisine TEXT NOT NULL DEFAULT '家常中餐',
    dish_type TEXT NOT NULL,
    difficulty TEXT NOT NULL,
    prep_minutes INTEGER NOT NULL,
    cook_minutes INTEGER NOT NULL,
    servings INTEGER NOT NULL DEFAULT 2,
    taste TEXT NOT NULL,
    cooking_methods TEXT NOT NULL,
    summary TEXT NOT NULL,
    recipe_mode TEXT NOT NULL DEFAULT '经典美食'
);

CREATE TABLE ingredients (
    ingredient_id INTEGER PRIMARY KEY,
    ingredient_name TEXT NOT NULL UNIQUE,
    category TEXT NOT NULL
);

CREATE TABLE recipe_ingredients (
    recipe_id INTEGER NOT NULL,
    ingredient_id INTEGER NOT NULL,
    amount TEXT NOT NULL,
    is_required INTEGER NOT NULL DEFAULT 1,
    role TEXT NOT NULL,
    PRIMARY KEY (recipe_id, ingredient_id),
    FOREIGN KEY (recipe_id) REFERENCES recipes(recipe_id),
    FOREIGN KEY (ingredient_id) REFERENCES ingredients(ingredient_id)
);

CREATE TABLE recipe_steps (
    recipe_id INTEGER NOT NULL,
    step_no INTEGER NOT NULL,
    instruction TEXT NOT NULL,
    PRIMARY KEY (recipe_id, step_no),
    FOREIGN KEY (recipe_id) REFERENCES recipes(recipe_id)
);

INSERT INTO ingredients (ingredient_id, ingredient_name, category) VALUES
(1, '西红柿', '蔬菜'),
(2, '鸡蛋', '蛋奶'),
(3, '小葱', '调味菜'),
(4, '土豆', '蔬菜'),
(5, '青椒', '蔬菜'),
(6, '茄子', '蔬菜'),
(7, '蒜', '调味菜'),
(8, '姜', '调味菜'),
(9, '胡萝卜', '蔬菜'),
(10, '黄瓜', '蔬菜'),
(11, '木耳', '菌菇'),
(12, '白菜', '蔬菜'),
(13, '豆腐', '豆制品'),
(14, '香菇', '菌菇'),
(15, '四季豆', '蔬菜'),
(16, '韭菜', '蔬菜'),
(17, '豆芽', '蔬菜'),
(18, '菠菜', '蔬菜'),
(19, '莲藕', '蔬菜'),
(20, '西兰花', '蔬菜'),
(21, '洋葱', '蔬菜'),
(22, '鸡胸肉', '肉类'),
(23, '猪肉末', '肉类'),
(24, '虾仁', '水产'),
(25, '米饭', '主食'),
(26, '面条', '主食'),
(27, '生抽', '调味料'),
(28, '老抽', '调味料'),
(29, '醋', '调味料'),
(30, '盐', '调味料'),
(31, '白糖', '调味料'),
(32, '豆瓣酱', '调味料'),
(33, '蚝油', '调味料'),
(34, '淀粉', '调味料'),
(35, '花椒', '调味料'),
(36, '干辣椒', '调味料'),
(37, '香油', '调味料'),
(38, '蘑菇', '菌菇'),
(39, '草莓', '水果'),
(40, '香蕉', '水果'),
(41, '苹果', '水果'),
(42, '南瓜', '蔬菜'),
(43, '红薯', '薯类'),
(44, '山药', '蔬菜'),
(45, '秋葵', '蔬菜'),
(46, '金针菇', '菌菇'),
(47, '玉米', '谷物'),
(48, '芋头', '薯类'),
(49, '苦瓜', '蔬菜'),
(50, '丝瓜', '蔬菜'),
(51, '牛肉', '肉类'),
(52, '鸡腿肉', '肉类'),
(53, '意大利面', '主食'),
(54, '番茄酱', '调味料'),
(55, '奶酪', '蛋奶'),
(56, '牛奶', '蛋奶'),
(57, '黄油', '蛋奶'),
(58, '咖喱粉', '香辛料'),
(59, '椰奶', '蛋奶'),
(60, '柠檬', '水果'),
(61, '牛油果', '水果'),
(62, '玉米饼', '主食'),
(63, '鹰嘴豆', '豆类'),
(64, '孜然', '香辛料'),
(65, '罗勒', '香草'),
(66, '黑胡椒', '香辛料'),
(67, '米粉', '主食'),
(68, '泡菜', '腌菜'),
(69, '年糕', '主食'),
(70, '三文鱼', '水产'),
(71, '面包', '主食'),
(72, '酸奶', '蛋奶'),
(73, '蜂蜜', '调味料'),
(74, '芥末', '调味料'),
(75, '紫菜', '海产品');

INSERT INTO recipes
(recipe_id, recipe_name, cuisine, dish_type, difficulty, prep_minutes, cook_minutes, servings, taste, cooking_methods, summary)
VALUES
(1, '西红柿炒鸡蛋', '家常中餐', '热菜', '简单', 5, 8, 2, '咸鲜微甜', '炒', '最经典的快手家常菜，适合只有西红柿和鸡蛋时做。'),
(2, '酸辣土豆丝', '川味家常', '热菜', '简单', 10, 6, 2, '酸辣爽脆', '炒', '土豆切丝后清洗淀粉，大火快炒保持脆感。'),
(3, '鱼香茄子', '川味家常', '热菜', '中等', 10, 12, 2, '鱼香酸甜辣', '炒,烧', '没有鱼也有鱼香味，茄子吸汁下饭。'),
(4, '地三鲜', '东北家常', '热菜', '中等', 12, 12, 2, '咸鲜浓香', '煎,炒', '土豆、茄子、青椒组合，酱香下饭。'),
(5, '醋溜白菜', '家常中餐', '热菜', '简单', 6, 6, 2, '酸香清爽', '炒', '白菜帮和叶分开下锅，口感更好。'),
(6, '麻婆豆腐', '川味家常', '热菜', '中等', 8, 10, 2, '麻辣咸香', '烧', '豆腐配肉末和豆瓣酱，适合拌饭。'),
(7, '香菇青菜', '家常中餐', '热菜', '简单', 8, 7, 2, '清鲜', '炒', '香菇增鲜，青菜保持翠绿。'),
(8, '干煸四季豆', '川味家常', '热菜', '中等', 10, 12, 2, '干香微辣', '煸炒', '四季豆必须充分炒熟，干香下饭。'),
(9, '木耳炒鸡蛋', '家常中餐', '热菜', '简单', 8, 7, 2, '咸鲜', '炒', '木耳脆、鸡蛋嫩，适合快手晚餐。'),
(10, '凉拌黄瓜', '家常中餐', '凉菜', '简单', 8, 0, 2, '蒜香酸爽', '拌', '不想开火时的快手凉菜。'),
(11, '韭菜炒鸡蛋', '家常中餐', '热菜', '简单', 6, 5, 2, '鲜香', '炒', '韭菜和鸡蛋组合，火要快。'),
(12, '豆芽炒粉条', '北方家常', '热菜', '简单', 8, 8, 2, '咸香爽口', '炒', '没有粉条时也可只炒豆芽。'),
(13, '蒜蓉西兰花', '家常中餐', '热菜', '简单', 8, 6, 2, '蒜香清爽', '焯,炒', '西兰花先焯水再快炒，颜色漂亮。'),
(14, '莲藕炒肉片', '家常中餐', '热菜', '中等', 10, 8, 2, '脆嫩咸鲜', '炒', '莲藕脆，肉片嫩，适合配米饭。'),
(15, '青椒肉丝', '家常中餐', '热菜', '中等', 12, 8, 2, '咸鲜微辣', '炒', '肉丝提前腌制，青椒后下保持脆。'),
(16, '扬州炒饭', '家常中餐', '主食', '简单', 8, 8, 2, '咸鲜', '炒', '剩米饭、鸡蛋和蔬菜即可快速成餐。');

INSERT INTO recipes
(recipe_id, recipe_name, cuisine, dish_type, difficulty, prep_minutes, cook_minutes, servings, taste, cooking_methods, summary, recipe_mode)
VALUES
(17, '土豆炒蘑菇', '家常中餐', '热菜', '简单', 6, 10, 2, '咸鲜软糯', '炒', '只用土豆和蘑菇作为主食材的家常小炒。', '经典美食'),
(18, '清炒蘑菇', '家常中餐', '热菜', '简单', 4, 6, 1, '鲜香', '炒', '突出蘑菇本味的极简做法。', '经典美食'),
(19, '蒸红薯', '传统家常', '主食', '简单', 2, 25, 1, '自然甜', '蒸', '无需额外食材的传统粗粮主食。', '经典美食'),
(20, '蒸南瓜', '传统家常', '热菜', '简单', 4, 15, 2, '软糯清甜', '蒸', '保留南瓜原味的简单做法。', '经典美食'),
(21, '草莓香蕉双果盘', 'AI创意中餐', '甜品', '简单', 5, 0, 2, '清甜果香', '拌', '只使用草莓和香蕉，利用不同切法组合口感。', 'AI创意菜'),
(22, '草莓香蕉泥', 'AI创意中餐', '甜品', '简单', 5, 0, 1, '酸甜绵密', '压拌', '无需酸奶或蜂蜜的天然水果甜品。', 'AI创意菜'),
(23, '香煎土豆蘑菇', 'AI创意中餐', '热菜', '简单', 6, 12, 2, '焦香鲜美', '煎', '土豆与蘑菇利用自身淀粉和鲜味组合。', 'AI创意菜'),
(24, '草莓香蕉花式拼盘', 'AI创意中餐', '甜品', '简单', 8, 0, 2, '清甜', '拼摆', '通过薄片和小丁形成两种口感。', 'AI创意菜'),
(25, '土豆蘑菇压锅饼', 'AI创意中餐', '主食', '中等', 10, 15, 2, '外焦内软', '煎', '利用熟土豆自身淀粉定型，不添加面粉。', 'AI创意菜');

INSERT INTO recipes
(recipe_id, recipe_name, cuisine, dish_type, difficulty, prep_minutes, cook_minutes, servings, taste, cooking_methods, summary, recipe_mode)
VALUES
(26, '意式番茄意面', '意大利', '主食', '简单', 8, 15, 2, '酸甜浓郁', '煮,炒', '用新鲜番茄熬出自然酱汁的意大利家庭经典。', '全球经典'),
(27, '西班牙土豆蛋饼', '西班牙', '主食', '中等', 10, 18, 2, '蛋香软糯', '煎', '西班牙家常小馆常见的土豆鸡蛋厚饼。', '全球经典'),
(28, '法式蘑菇欧姆蛋', '法国', '热菜', '简单', 6, 8, 1, '鲜香嫩滑', '煎', '以嫩蛋包裹炒香蘑菇的法式早餐。', '全球经典'),
(29, '印度咖喱土豆', '印度', '热菜', '简单', 8, 18, 2, '辛香绵软', '炖', '咖喱香料与土豆组合的印度素食家常菜。', '全球经典'),
(30, '泰式椰奶香蕉', '泰国', '甜品', '简单', 4, 8, 2, '椰香甜糯', '煮', '香蕉在椰奶中轻煮的东南亚风味甜品。', '全球经典'),
(31, '墨西哥牛油果酱', '墨西哥', '凉菜', '简单', 6, 0, 2, '清新微酸', '压拌', '以牛油果和柠檬制作的经典蘸酱。', '全球经典'),
(32, '日式蘑菇炊饭', '日本', '主食', '简单', 6, 25, 2, '菌香咸鲜', '焖', '米饭吸收蘑菇鲜味的日式家庭炊饭。', '全球经典'),
(33, '韩式土豆煎饼', '韩国', '主食', '简单', 8, 12, 2, '外脆内软', '煎', '依靠土豆自身淀粉定型的韩式煎饼。', '全球经典'),
(34, '希腊草莓酸奶杯', '希腊', '甜品', '简单', 5, 0, 1, '酸甜清爽', '拌', '草莓与浓酸奶组成的地中海式轻甜品。', '全球经典'),
(35, '中东鹰嘴豆泥', '中东', '凉菜', '简单', 8, 0, 2, '绵密辛香', '搅打', '鹰嘴豆、柠檬与孜然组成的中东经典蘸酱。', '全球经典'),
(36, '越南蘑菇拌米粉', '越南', '主食', '简单', 8, 10, 2, '清鲜爽滑', '煮,拌', '米粉搭配煎蘑菇的清爽越南风味。', '全球经典'),
(37, '美式奶酪烤土豆', '美国', '主食', '简单', 5, 35, 1, '浓香软糯', '烤', '整颗土豆烤软后覆盖奶酪的美式家常吃法。', '全球经典'),
(38, '俄式奶香土豆蘑菇汤', '俄罗斯', '汤', '简单', 10, 22, 2, '奶香浓郁', '煮', '土豆和蘑菇构成主体的温暖奶汤。', '全球经典'),
(39, '川味咖喱土豆蘑菇', '中印融合', '热菜', '简单', 8, 15, 2, '辛香鲜辣', '炒,焖', '中式快炒与印度咖喱风味结合的下饭菜。', '融合创意'),
(40, '草莓香蕉酸奶云', '亚洲甜品融合', '甜品', '简单', 6, 0, 2, '酸甜绵密', '压拌', '以香蕉增加绵密度、草莓增加果酸层次。', '融合创意'),
(41, '泡菜鸡蛋炒饭', '中韩融合', '主食', '简单', 6, 10, 2, '酸辣咸香', '炒', '中式蛋炒饭技法与韩式泡菜风味融合。', '融合创意'),
(42, '香蕉奶酪脆吐司', '亚洲西式融合', '甜品', '简单', 5, 8, 1, '甜咸焦香', '煎,烤', '香蕉的甜与奶酪咸香组成快手融合早餐。', '融合创意'),
(43, '牛油果鸡蛋土豆泥', '中西融合', '凉菜', '简单', 10, 12, 2, '绵密清香', '煮,拌', '中式土豆泥加入牛油果和鸡蛋提升层次。', '融合创意'),
(44, '黑胡椒草莓冷盘', '法式亚洲融合', '甜品', '简单', 5, 0, 1, '果香微辛', '拌', '少量黑胡椒放大草莓香气的极简创意冷盘。', '融合创意'),
(45, '酱油番茄意面', '中意融合', '主食', '简单', 8, 15, 2, '鲜甜酱香', '煮,炒', '意面技法融入中式生抽鲜味的快手主食。', '融合创意');

INSERT INTO recipe_ingredients VALUES
(1, 1, '2个', 1, '主料'), (1, 2, '3个', 1, '主料'), (1, 3, '少许', 0, '增香'), (1, 30, '适量', 1, '调味'), (1, 31, '少许', 0, '调味'),
(2, 4, '2个', 1, '主料'), (2, 5, '半个', 0, '配菜'), (2, 7, '2瓣', 1, '增香'), (2, 29, '1勺', 1, '调味'), (2, 36, '2个', 0, '增辣'), (2, 30, '适量', 1, '调味'),
(3, 6, '2根', 1, '主料'), (3, 7, '3瓣', 1, '增香'), (3, 8, '少许', 0, '增香'), (3, 32, '1勺', 1, '调味'), (3, 27, '1勺', 1, '调味'), (3, 29, '1勺', 1, '调味'), (3, 31, '1勺', 1, '调味'), (3, 34, '少许', 0, '勾芡'),
(4, 4, '1个', 1, '主料'), (4, 6, '1根', 1, '主料'), (4, 5, '1个', 1, '主料'), (4, 7, '2瓣', 1, '增香'), (4, 27, '1勺', 1, '调味'), (4, 33, '1勺', 0, '提鲜'),
(5, 12, '半颗', 1, '主料'), (5, 7, '2瓣', 1, '增香'), (5, 36, '2个', 0, '增辣'), (5, 29, '1.5勺', 1, '调味'), (5, 27, '1勺', 1, '调味'), (5, 31, '少许', 0, '调味'),
(6, 13, '1盒', 1, '主料'), (6, 23, '80克', 0, '配料'), (6, 32, '1勺', 1, '调味'), (6, 35, '少许', 1, '麻味'), (6, 7, '2瓣', 1, '增香'), (6, 34, '少许', 0, '勾芡'),
(7, 14, '6朵', 1, '主料'), (7, 18, '1把', 1, '主料'), (7, 7, '2瓣', 1, '增香'), (7, 33, '1勺', 0, '提鲜'), (7, 30, '适量', 1, '调味'),
(8, 15, '300克', 1, '主料'), (8, 23, '50克', 0, '配料'), (8, 7, '2瓣', 1, '增香'), (8, 36, '3个', 0, '增辣'), (8, 27, '1勺', 1, '调味'),
(9, 11, '1把', 1, '主料'), (9, 2, '2个', 1, '主料'), (9, 9, '半根', 0, '配菜'), (9, 3, '少许', 0, '增香'), (9, 30, '适量', 1, '调味'),
(10, 10, '2根', 1, '主料'), (10, 7, '3瓣', 1, '增香'), (10, 29, '1勺', 1, '调味'), (10, 27, '1勺', 1, '调味'), (10, 37, '少许', 0, '增香'),
(11, 16, '1把', 1, '主料'), (11, 2, '3个', 1, '主料'), (11, 30, '适量', 1, '调味'),
(12, 17, '300克', 1, '主料'), (12, 7, '2瓣', 1, '增香'), (12, 27, '1勺', 1, '调味'), (12, 29, '半勺', 0, '提味'), (12, 30, '适量', 1, '调味'),
(13, 20, '1颗', 1, '主料'), (13, 7, '4瓣', 1, '增香'), (13, 33, '1勺', 0, '提鲜'), (13, 30, '适量', 1, '调味'),
(14, 19, '1节', 1, '主料'), (14, 22, '120克', 0, '配料'), (14, 7, '2瓣', 1, '增香'), (14, 27, '1勺', 1, '调味'), (14, 34, '少许', 0, '腌肉'),
(15, 5, '3个', 1, '主料'), (15, 22, '150克', 1, '主料'), (15, 7, '2瓣', 1, '增香'), (15, 27, '1勺', 1, '调味'), (15, 34, '少许', 0, '腌肉'),
(16, 25, '2碗', 1, '主料'), (16, 2, '2个', 1, '主料'), (16, 9, '半根', 0, '配菜'), (16, 24, '50克', 0, '配料'), (16, 3, '少许', 0, '增香'), (16, 30, '适量', 1, '调味');

INSERT INTO recipe_ingredients VALUES
(17, 4, '1个', 1, '主料'), (17, 38, '6个', 1, '主料'), (17, 30, '适量', 0, '基础调味'),
(18, 38, '200克', 1, '主料'), (18, 30, '适量', 0, '基础调味'),
(19, 43, '2个', 1, '主料'),
(20, 42, '半个', 1, '主料'),
(21, 39, '8颗', 1, '主料'), (21, 40, '1根', 1, '主料'),
(22, 39, '6颗', 1, '主料'), (22, 40, '1根', 1, '主料'),
(23, 4, '1个', 1, '主料'), (23, 38, '6个', 1, '主料'), (23, 30, '适量', 0, '基础调味'),
(24, 39, '8颗', 1, '主料'), (24, 40, '1根', 1, '主料'),
(25, 4, '2个', 1, '主料'), (25, 38, '5个', 1, '主料'), (25, 30, '适量', 0, '基础调味');

INSERT INTO recipe_ingredients VALUES
(26, 53, '180克', 1, '主料'), (26, 1, '3个', 1, '主料'), (26, 65, '少许', 0, '香草'), (26, 30, '适量', 0, '基础调味'),
(27, 4, '2个', 1, '主料'), (27, 2, '4个', 1, '主料'), (27, 30, '适量', 0, '基础调味'),
(28, 38, '100克', 1, '主料'), (28, 2, '3个', 1, '主料'), (28, 57, '少许', 0, '增香'), (28, 30, '适量', 0, '基础调味'),
(29, 4, '2个', 1, '主料'), (29, 58, '1勺', 1, '核心风味'), (29, 30, '适量', 0, '基础调味'),
(30, 40, '2根', 1, '主料'), (30, 59, '200毫升', 1, '主料'),
(31, 61, '1个', 1, '主料'), (31, 60, '半个', 1, '调味'), (31, 30, '少许', 0, '基础调味'),
(32, 25, '2碗', 1, '主料'), (32, 38, '150克', 1, '主料'), (32, 27, '1勺', 0, '调味'),
(33, 4, '2个', 1, '主料'), (33, 30, '适量', 0, '基础调味'),
(34, 39, '8颗', 1, '主料'), (34, 72, '150克', 1, '主料'), (34, 73, '少许', 0, '调味'),
(35, 63, '200克', 1, '主料'), (35, 60, '半个', 1, '调味'), (35, 64, '少许', 1, '核心风味'), (35, 30, '少许', 0, '基础调味'),
(36, 67, '160克', 1, '主料'), (36, 38, '150克', 1, '主料'), (36, 60, '半个', 0, '调味'), (36, 30, '适量', 0, '基础调味'),
(37, 4, '1个', 1, '主料'), (37, 55, '50克', 1, '主料'), (37, 30, '少许', 0, '基础调味'),
(38, 4, '1个', 1, '主料'), (38, 38, '120克', 1, '主料'), (38, 56, '250毫升', 1, '主料'), (38, 30, '适量', 0, '基础调味'),
(39, 4, '1个', 1, '主料'), (39, 38, '150克', 1, '主料'), (39, 58, '1勺', 1, '核心风味'), (39, 30, '适量', 0, '基础调味'),
(40, 39, '6颗', 1, '主料'), (40, 40, '1根', 1, '主料'), (40, 72, '150克', 1, '主料'),
(41, 25, '2碗', 1, '主料'), (41, 68, '100克', 1, '主料'), (41, 2, '2个', 1, '主料'),
(42, 40, '1根', 1, '主料'), (42, 55, '2片', 1, '主料'), (42, 71, '2片', 1, '主料'),
(43, 61, '1个', 1, '主料'), (43, 2, '2个', 1, '主料'), (43, 4, '1个', 1, '主料'), (43, 30, '适量', 0, '基础调味'),
(44, 39, '10颗', 1, '主料'), (44, 66, '少许', 1, '核心风味'),
(45, 53, '180克', 1, '主料'), (45, 1, '3个', 1, '主料'), (45, 27, '1勺', 1, '核心风味');

INSERT INTO recipe_steps VALUES
(1, 1, '西红柿切块，鸡蛋加少许盐打散。'),
(1, 2, '热锅倒油，先炒鸡蛋至凝固盛出。'),
(1, 3, '锅中补少许油，下西红柿炒出汁，加盐和少许糖。'),
(1, 4, '倒回鸡蛋翻炒均匀，撒葱花出锅。'),
(2, 1, '土豆切细丝，用清水冲洗两遍去淀粉。'),
(2, 2, '热锅下油，爆香蒜片和干辣椒。'),
(2, 3, '下土豆丝大火快炒，断生后加醋和盐。'),
(2, 4, '放青椒丝翻炒十几秒即可出锅。'),
(3, 1, '茄子切条，蒜姜切末。'),
(3, 2, '锅中多放一点油，将茄子炒软盛出。'),
(3, 3, '用豆瓣酱、蒜姜炒香，加生抽、醋、糖调成鱼香汁。'),
(3, 4, '倒回茄子烧入味，最后水淀粉收汁。'),
(4, 1, '土豆、茄子切滚刀块，青椒切片。'),
(4, 2, '土豆煎至边缘金黄，茄子炒软。'),
(4, 3, '爆香蒜末，放入三种蔬菜。'),
(4, 4, '加生抽、蚝油和少许水翻炒收汁。'),
(5, 1, '白菜帮斜刀切片，白菜叶切大片。'),
(5, 2, '热锅爆香蒜片和干辣椒。'),
(5, 3, '先下白菜帮炒软，再下白菜叶。'),
(5, 4, '加生抽、醋、少许糖，大火炒匀出锅。'),
(6, 1, '豆腐切小块，焯水去豆腥味。'),
(6, 2, '炒香肉末、蒜末和豆瓣酱。'),
(6, 3, '加水或高汤，放入豆腐小火烧入味。'),
(6, 4, '撒花椒粉，水淀粉勾薄芡出锅。'),
(7, 1, '香菇切片，青菜洗净。'),
(7, 2, '锅中爆香蒜末，下香菇炒出香味。'),
(7, 3, '下青菜大火快炒，加盐和蚝油。'),
(7, 4, '青菜刚断生即出锅。'),
(8, 1, '四季豆掐段洗净，必须沥干水。'),
(8, 2, '中小火煸炒四季豆至表皮起皱且熟透。'),
(8, 3, '另起锅炒香蒜末、肉末和干辣椒。'),
(8, 4, '倒入四季豆，加生抽调味炒匀。'),
(9, 1, '木耳泡发洗净，鸡蛋打散。'),
(9, 2, '先炒鸡蛋盛出。'),
(9, 3, '下木耳和胡萝卜片翻炒。'),
(9, 4, '倒回鸡蛋，加盐调味，撒葱花出锅。'),
(10, 1, '黄瓜拍裂切段，蒜切末。'),
(10, 2, '加入生抽、醋、盐和香油。'),
(10, 3, '拌匀后静置五分钟更入味。'),
(11, 1, '韭菜切段，鸡蛋加盐打散。'),
(11, 2, '鸡蛋炒至凝固盛出。'),
(11, 3, '韭菜大火快炒十几秒，倒回鸡蛋。'),
(11, 4, '加盐调味，迅速出锅。'),
(12, 1, '豆芽洗净沥水，蒜切末。'),
(12, 2, '热锅爆香蒜末，下豆芽大火翻炒。'),
(12, 3, '加生抽、盐和少许醋。'),
(12, 4, '炒至豆芽断生但仍爽脆即可。'),
(13, 1, '西兰花掰小朵，淡盐水浸泡后洗净。'),
(13, 2, '沸水加少许盐和油，西兰花焯一分钟。'),
(13, 3, '热锅炒香蒜末，下西兰花。'),
(13, 4, '加盐和蚝油快速翻炒出锅。'),
(14, 1, '莲藕切片，鸡胸肉切片后用生抽和淀粉抓匀。'),
(14, 2, '先滑炒肉片至变色盛出。'),
(14, 3, '下蒜片和藕片翻炒至藕片断生。'),
(14, 4, '倒回肉片，加生抽和盐炒匀。'),
(15, 1, '青椒切丝，鸡胸肉切丝后用生抽和淀粉腌十分钟。'),
(15, 2, '热锅滑炒肉丝至变色盛出。'),
(15, 3, '下蒜末和青椒丝大火翻炒。'),
(15, 4, '倒回肉丝，加盐或生抽调味。'),
(16, 1, '剩米饭打散，鸡蛋打散，胡萝卜切丁。'),
(16, 2, '先炒鸡蛋盛出，再炒胡萝卜和虾仁。'),
(16, 3, '倒入米饭炒散，加盐调味。'),
(16, 4, '倒回鸡蛋，撒葱花翻炒均匀。');

INSERT INTO recipe_steps VALUES
(17, 1, '土豆切薄片后用清水冲去表面淀粉，蘑菇切片。'),
(17, 2, '锅中放少量油，先将土豆片中火煎至两面微黄。'),
(17, 3, '加入蘑菇翻炒，蘑菇出汁后继续炒至土豆熟透。'),
(17, 4, '只用少量盐调味，炒匀出锅。'),
(18, 1, '蘑菇洗净切厚片并沥干水分。'),
(18, 2, '锅中放少量油，中大火下蘑菇铺开煎炒。'),
(18, 3, '炒至蘑菇边缘微黄、汁水收浓，加少量盐出锅。'),
(19, 1, '红薯刷洗干净，不用去皮。'),
(19, 2, '水开后上锅，中火蒸二十五分钟左右。'),
(19, 3, '筷子能轻松穿透后关火，稍放凉食用。'),
(20, 1, '南瓜去籽后切成大小均匀的块。'),
(20, 2, '南瓜皮朝下摆盘，水开后蒸十五分钟。'),
(20, 3, '能用筷子轻松插入时取出，直接食用。'),
(21, 1, '草莓去蒂洗净并擦干，香蕉去皮。'),
(21, 2, '草莓切半，香蕉切厚片。'),
(21, 3, '两种水果轻轻拌匀，立即食用。'),
(22, 1, '草莓去蒂切块，香蕉切段。'),
(22, 2, '先将香蕉压成泥，再拌入一半草莓丁。'),
(22, 3, '剩余草莓铺在表面，形成颗粒与果泥两种口感。'),
(23, 1, '土豆切成半厘米厚片，蘑菇切厚片并擦干。'),
(23, 2, '锅中放少量油，把土豆片煎至两面金黄且熟透。'),
(23, 3, '加入蘑菇继续煎炒，直到边缘焦香。'),
(23, 4, '加少量盐翻匀，利用蘑菇汁裹住土豆即可。'),
(24, 1, '草莓洗净擦干，香蕉去皮。'),
(24, 2, '一半水果切薄片交错摆放，另一半切小丁。'),
(24, 3, '将水果丁放在中央，现切现吃。'),
(25, 1, '土豆蒸熟后压成细泥，蘑菇切碎。'),
(25, 2, '蘑菇碎先入锅干炒至水分基本收干。'),
(25, 3, '把蘑菇碎、土豆泥和少量盐拌匀，压成薄饼。'),
(25, 4, '锅中刷少量油，小火将两面煎至金黄定型。');

INSERT INTO recipe_steps VALUES
(26, 1, '意大利面放入加盐沸水中，按包装时间煮至有嚼劲。'), (26, 2, '番茄切丁，锅中放油炒至软烂出汁。'), (26, 3, '加入少量煮面水熬成酱，放入意面翻拌收汁。'), (26, 4, '用盐调味，有罗勒可在出锅前加入。'),
(27, 1, '土豆切薄片，鸡蛋加少量盐打散。'), (27, 2, '土豆片小火煎至熟软，倒入蛋液。'), (27, 3, '保持小火煎至底部定型，借助盘子翻面。'), (27, 4, '另一面煎熟后切块食用。'),
(28, 1, '蘑菇切片炒至水分收干，盛出备用。'), (28, 2, '鸡蛋加盐打匀，小火倒入锅中摊开。'), (28, 3, '蛋液将凝固时把蘑菇放在一侧。'), (28, 4, '将另一侧蛋皮折叠覆盖，保持内部嫩滑。'),
(29, 1, '土豆去皮切块，咖喱粉用少量水调开。'), (29, 2, '锅中放油略炒土豆，倒入咖喱水。'), (29, 3, '加水刚好没过土豆，小火炖至软糯。'), (29, 4, '加盐调味，大火收至汤汁浓稠。'),
(30, 1, '香蕉切成大段，避免久煮后碎散。'), (30, 2, '椰奶倒入小锅，以小火加热至微沸。'), (30, 3, '放入香蕉轻煮五分钟，温热或放凉食用。'),
(31, 1, '牛油果切开去核，果肉放入碗中。'), (31, 2, '加入柠檬汁和少量盐，用叉子压成保留颗粒的泥。'), (31, 3, '拌匀后立即食用，减少氧化变色。'),
(32, 1, '蘑菇切片，米饭所需生米淘洗干净。'), (32, 2, '生米、正常用量的水和蘑菇一起放入锅中。'), (32, 3, '按正常煮饭程序焖熟，再翻松拌匀。'),
(33, 1, '土豆擦成细丝或磨成粗泥，不要冲洗淀粉。'), (33, 2, '加入少量盐拌匀，分成小份压入锅中。'), (33, 3, '中小火把两面煎至金黄，中心熟透。'),
(34, 1, '草莓洗净擦干，切成小块。'), (34, 2, '酸奶放入杯中，铺上草莓。'), (34, 3, '轻轻拌匀即可，有蜂蜜时可少量添加。'),
(35, 1, '熟鹰嘴豆沥干，保留少量煮豆水。'), (35, 2, '加入柠檬汁、孜然和少量盐。'), (35, 3, '分次加入煮豆水，搅打至细腻绵密。'),
(36, 1, '米粉煮熟后过凉水并沥干。'), (36, 2, '蘑菇切片煎至边缘金黄。'), (36, 3, '把米粉与蘑菇拌匀，用盐调味，有柠檬可挤汁。'),
(37, 1, '土豆洗净擦干，用叉子在表面扎孔。'), (37, 2, '放入烤箱烤至内部完全软熟。'), (37, 3, '顶部划开，压松土豆瓤后铺上奶酪。'), (37, 4, '继续烤至奶酪融化。'),
(38, 1, '土豆切小块，蘑菇切片。'), (38, 2, '锅中放油先炒蘑菇，再加入土豆和水。'), (38, 3, '煮至土豆软烂，倒入牛奶小火加热。'), (38, 4, '压碎部分土豆使汤自然变浓，加盐调味。'),
(39, 1, '土豆切小块，蘑菇切厚片。'), (39, 2, '先炒香咖喱粉，再加入土豆和少量水焖熟。'), (39, 3, '放入蘑菇大火翻炒收汁，加盐调味。'),
(40, 1, '香蕉压成泥，与酸奶搅拌至蓬松。'), (40, 2, '草莓切丁，拌入一半。'), (40, 3, '装杯后铺上剩余草莓丁。'),
(41, 1, '泡菜切碎，鸡蛋炒散后盛出。'), (41, 2, '锅中炒香泡菜，加入米饭炒散。'), (41, 3, '倒回鸡蛋，大火翻炒均匀。'),
(42, 1, '香蕉切薄片，铺在面包上。'), (42, 2, '盖上奶酪和另一片面包，轻轻压紧。'), (42, 3, '平底锅小火煎至两面酥脆、奶酪融化。'),
(43, 1, '土豆和鸡蛋分别煮熟，稍放凉。'), (43, 2, '土豆压泥，鸡蛋切碎，牛油果压成粗泥。'), (43, 3, '三者加少量盐拌匀，保留部分颗粒。'),
(44, 1, '草莓洗净擦干后切半。'), (44, 2, '撒极少量现磨黑胡椒，轻轻拌匀。'), (44, 3, '静置两分钟，让果香充分释放。'),
(45, 1, '意大利面煮至有嚼劲，保留少量煮面水。'), (45, 2, '番茄切丁后用油炒至形成浓汁。'), (45, 3, '加入生抽和少量煮面水调匀。'), (45, 4, '放入意面快速翻拌至酱汁裹匀。');
